{
  "version": "v3",
  "n": 84,
  "scores": {
    "context_precision": 0.1660052909924493,
    "context_recall": 0.45481927710843373,
    "faithfulness": 0.28417009226054085,
    "answer_relevancy": 0.33457616094052056
  },
  "by_category": {
    "attribution": {
      "context_precision": 0.4666666666333333,
      "context_recall": 0.4,
      "faithfulness": 0.49865800865800863,
      "answer_relevancy": 0.9193752064123977
    },
    "comparative": {
      "context_precision": 0.5611111110790741,
      "context_recall": 0.7,
      "faithfulness": 0.7072520072520072,
      "answer_relevancy": 0.7210613349713806
    },
    "definitional": {
      "context_precision": 0.9611111110407407,
      "context_recall": 1.0,
      "faithfulness": 0.8208812260536398,
      "answer_relevancy": 0.9223792183110472
    },
    "methodological": {
      "context_precision": 0.39999999996,
      "context_recall": 0.85,
      "faithfulness": 0.5850794246404003,
      "answer_relevancy": 0.8940173279881239
    },
    "numerical": {
      "context_precision": 0.39999999996,
      "context_recall": 0.0,
      "faithfulness": 0.6245614035087719,
      "answer_relevancy": 0.5212249497297134
    },
    "out_of_context": {
      "context_precision": 0.0,
      "context_recall": 0.39655172413793105,
      "faithfulness": 0.1276544363286337,
      "answer_relevancy": 0.13922215816848155
    }
  },
  "csv": "/app/reports/ragas_v3_20260520-012204.csv",
  "timestamp": "20260520-012204"
}